{
  "test/integration/FirstJourney.js.map": 1717708012474,
  "test/integration/pages/SESMainHeaderObjectPage.js": 1717705127422,
  "test/integration/pages/SESMainHeaderList.js": 1717705127422,
  "test/integration/opaTests.qunit.js": 1717705127406,
  "test/integration/FirstJourney.js": 1717705127430,
  "test/testsuite.qunit.js": 1717705127406,
  "xs-app.json": 1717707992793,
  "manifest.json": 1717707993613,
  "Component.js": 1717705127390,
  "test/testsuite.qunit-dbg.js": 1717705127406,
  "test/testsuite.qunit.js.map": 1717708012489,
  "test/integration/pages/SESMainHeaderList-dbg.js": 1717705127422,
  "test/integration/pages/SESMainHeaderList.js.map": 1717708012503,
  "test/integration/opaTests.qunit-dbg.js": 1717705127406,
  "test/integration/opaTests.qunit.js.map": 1717708012476,
  "test/integration/FirstJourney-dbg.js": 1717705127430,
  "i18n/i18n.properties": 1717705144710,
  "test/integration/pages/SESMainHeaderObjectPage-dbg.js": 1717705127422,
  "test/integration/pages/SESMainHeaderObjectPage.js.map": 1717708012477,
  "Component-dbg.js": 1717705127390,
  "Component.js.map": 1717708012479,
  "Component-preload.js": 1717708012608,
  "Component-preload.js.map": 1717708012608,
  "test/integration/opaTests.qunit.html": 1717705127406,
  "test/testsuite.qunit.html": 1717705127406,
  "test/flpSandbox.html": 1717705127406,
  "index.html": 1717705127390
}