{
  "test/integration/opaTests.qunit.html": 1717521360083,
  "test/integration/FirstJourney.js": 1717521360111,
  "test/integration/opaTests.qunit.js": 1717521360083,
  "test/integration/pages/SESMainHeaderObjectPage.js": 1717521360107,
  "test/testsuite.qunit.js": 1717521360071,
  "xs-app.json": 1717529993932,
  "manifest.json": 1717529930244,
  "Component.js": 1717521360063,
  "test/integration/FirstJourney-dbg.js": 1717521360111,
  "test/integration/FirstJourney.js.map": 1717530005745,
  "test/integration/opaTests.qunit-dbg.js": 1717521360083,
  "test/integration/opaTests.qunit.js.map": 1717530005722,
  "test/integration/pages/SESMainHeaderObjectPage-dbg.js": 1717521360107,
  "test/integration/pages/SESMainHeaderObjectPage.js.map": 1717530005740,
  "test/testsuite.qunit-dbg.js": 1717521360071,
  "test/testsuite.qunit.js.map": 1717530005738,
  "Component-dbg.js": 1717521360063,
  "Component.js.map": 1717530005725,
  "Component-preload.js": 1717530005811,
  "Component-preload.js.map": 1717530005812,
  "i18n/i18n.properties": 1717521360071,
  "test/testsuite.qunit.html": 1717521360071,
  "test/flpSandbox.html": 1717521360071,
  "index.html": 1717521360063
}