{
  "test/integration/FirstJourney.js": 1727531881085,
  "test/integration/pages/SESMainHeaderObjectPage.js": 1727531881085,
  "test/integration/opaTests.qunit.js": 1727531881085,
  "i18n/i18n.properties": 1727531881085,
  "ext/controller/SESHeader.controller.js": 1727973727020,
  "test/testsuite.qunit.js": 1727531881085,
  "xs-app.json": 1728497506599,
  "manifest.json": 1727967339438,
  "Component.js": 1727531881085,
  "test/testsuite.qunit-dbg.js": 1727531881085,
  "test/testsuite.qunit.js.map": 1728497527273,
  "test/integration/opaTests.qunit-dbg.js": 1727531881085,
  "test/integration/opaTests.qunit.js.map": 1728497527270,
  "test/integration/FirstJourney-dbg.js": 1727531881085,
  "test/integration/FirstJourney.js.map": 1728497527279,
  "ext/controller/SESHeader-dbg.controller.js": 1727973727020,
  "ext/controller/SESHeader.controller.js.map": 1728497527276,
  "test/integration/pages/SESMainHeaderObjectPage-dbg.js": 1727531881085,
  "test/integration/pages/SESMainHeaderObjectPage.js.map": 1728497527274,
  "Component-dbg.js": 1727531881085,
  "Component.js.map": 1728497527278,
  "Component-preload.js": 1728497527365,
  "Component-preload.js.map": 1728497527365,
  "test/integration/opaTests.qunit.html": 1727531881085,
  "test/testsuite.qunit.html": 1727531881085,
  "test/flpSandbox.html": 1727531881085,
  "index.html": 1727967339438
}