{
  "test/integration/opaTests.qunit-dbg.js": 1717521360083,
  "manifest.json": 1717522707897,
  "test/integration/opaTests.qunit.js": 1717521360083,
  "test/integration/FirstJourney.js": 1717521360111,
  "test/testsuite.qunit.js": 1717521360071,
  "xs-app.json": 1717522967019,
  "test/integration/pages/SESMainHeaderObjectPage.js": 1717521360107,
  "Component.js": 1717521360063,
  "Component-dbg.js": 1717521360063,
  "Component.js.map": 1717522978473,
  "test/integration/FirstJourney-dbg.js": 1717521360111,
  "test/integration/FirstJourney.js.map": 1717522978483,
  "test/testsuite.qunit-dbg.js": 1717521360071,
  "test/testsuite.qunit.js.map": 1717522978473,
  "test/integration/pages/SESMainHeaderObjectPage-dbg.js": 1717521360107,
  "test/integration/pages/SESMainHeaderObjectPage.js.map": 1717522978479,
  "i18n/i18n.properties": 1717521360071,
  "test/integration/opaTests.qunit.js.map": 1717522978478,
  "Component-preload.js": 1717522978621,
  "Component-preload.js.map": 1717522978622,
  "test/integration/opaTests.qunit.html": 1717521360083,
  "test/testsuite.qunit.html": 1717521360071,
  "test/flpSandbox.html": 1717521360071,
  "index.html": 1717521360063
}