{
  "Component-preload.js": 1717530970649,
  "test/testsuite.qunit.js": 1717521360071,
  "test/integration/opaTests.qunit.js": 1717521360083,
  "test/integration/FirstJourney.js": 1717521360111,
  "test/integration/pages/SESMainHeaderObjectPage.js": 1717521360107,
  "xs-app.json": 1717530960456,
  "manifest.json": 1717530869500,
  "Component.js": 1717521360063,
  "test/testsuite.qunit-dbg.js": 1717521360071,
  "test/testsuite.qunit.js.map": 1717530970539,
  "test/integration/opaTests.qunit-dbg.js": 1717521360083,
  "test/integration/opaTests.qunit.js.map": 1717530970532,
  "test/integration/FirstJourney-dbg.js": 1717521360111,
  "test/integration/FirstJourney.js.map": 1717530970537,
  "test/integration/pages/SESMainHeaderObjectPage-dbg.js": 1717521360107,
  "test/integration/pages/SESMainHeaderObjectPage.js.map": 1717530970536,
  "Component-dbg.js": 1717521360063,
  "Component.js.map": 1717530970536,
  "i18n/i18n.properties": 1717521360071,
  "Component-preload.js.map": 1717530970649,
  "test/integration/opaTests.qunit.html": 1717521360083,
  "test/testsuite.qunit.html": 1717521360071,
  "test/flpSandbox.html": 1717521360071,
  "index.html": 1717521360063
}