{
  "test/testsuite.qunit.js.map": 1717620352005,
  "xs-app.json": 1717620344128,
  "test/integration/opaTests.qunit.js": 1717521360083,
  "test/integration/FirstJourney.js": 1717521360111,
  "ext/controller/SESHeader.controller.js": 1717602041071,
  "test/testsuite.qunit.js": 1717521360071,
  "test/integration/pages/SESMainHeaderObjectPage.js": 1717521360107,
  "manifest.json": 1717602023591,
  "Component.js": 1717521360063,
  "ext/controller/SESHeader-dbg.controller.js": 1717602041071,
  "ext/controller/SESHeader.controller.js.map": 1717620352017,
  "test/integration/FirstJourney-dbg.js": 1717521360111,
  "test/integration/FirstJourney.js.map": 1717620352003,
  "test/integration/opaTests.qunit-dbg.js": 1717521360083,
  "test/integration/opaTests.qunit.js.map": 1717620352003,
  "test/testsuite.qunit-dbg.js": 1717521360071,
  "i18n/i18n.properties": 1717521360071,
  "test/integration/pages/SESMainHeaderObjectPage-dbg.js": 1717521360107,
  "test/integration/pages/SESMainHeaderObjectPage.js.map": 1717620352005,
  "Component-dbg.js": 1717521360063,
  "Component.js.map": 1717620352006,
  "Component-preload.js": 1717620352124,
  "Component-preload.js.map": 1717620352124,
  "test/integration/opaTests.qunit.html": 1717521360083,
  "test/testsuite.qunit.html": 1717521360071,
  "test/flpSandbox.html": 1717521360071,
  "index.html": 1717521360063
}